Workbook

Sheet Instructions
A1: Perform the following in the dataset from the 'Dataset' sheet.
B3: 1) Sum, Count, Average:
C4: • What is the total price of all products in the dataset?
C5: • How many products are there in the dataset?
C6: • Calculate the average price of the products.
B8: 2) Min and Max:
C9: • Determine the minimum price among all products.
C10: • Find the maximum price among all products.
B12: 3) IF Function:
C13: • Using an IF function, create a new column named Price Range to categorize products with a price greater than or equal to $500 as 'High Price' and others as 'Standard Price'.
B15: 4) SUMIF and COUNTIF:
C16: • Calculate the total price for products in the 'Electronics' category using the SUMIF function.
C17: • Determine the count of products with a price less than $100 using the COUNTIF function.
B19: 5) Text Formatting - LEFT, RIGHT, MID:
C20: • Create a new column named Day with the first 2 characters of each 'Product ID' using the LEFT function.
C21: • Create a new column named Country Code by extracting the last 2 characters from the 'Product ID' column using the RIGHT function.
C22: • Create a new column named Month by extracting 4th to 6th characters from the 'Product ID' column using the MID function.

Sheet Dataset
A1: Product ID | B1: Product Name | C1: Brand Name | D1: Price ($) | E1: Quantity | F1: Category
A2: 28-JAN-US | B2: Laptop | C2: Dell | D2: 1000 | E2: 30 | F2: Electronics
A3: 15-FEB-US | B3: Sneakers | C3: Nike | D3: 80 | E3: 15 | F3: Fashion
A4: 03-MAR-US | B4: Coffee Maker | C4: Keurig | D4: 130 | E4: 40 | F4: Kitchen
A5: 11-APR-US | B5: Smartphone | C5: Samsung | D5: 900 | E5: 25 | F5: Electronics
A6: 22-MAY-US | B6: Backpack | C6: North Face | D6: 70 | E6: 20 | F6: Outdoor
A7: 07-JUN-UK | B7: Headphones | C7: Sony | D7: 200 | E7: 45 | F7: Electronics
A8: 19-JUL-UK | B8: T-shirt | C8: Adidas | D8: 30 | E8: 5 | F8: Fashion
A9: 23-AUG-UK | B9: Blender | C9: Ninja | D9: 90 | E9: 35 | F9: Kitchen
A10: 05-SEP-UK | B10: Tablet | C10: Apple | D10: 500 | E10: 50 | F10: Electronics
A11: 14-OCT-UK | B11: Hiking Boots | C11: Timberland | D11: 130 | E11: 10 | F11: Outdoor
A12: 17-JUN-IN | B12: Laptop | C12: HP | D12: 950 | E12: 25 | F12: Electronics
A13: 25-NOV-AU | B13: Sneakers | C13: Adidas | D13: 90 | E13: 40 | F13: Fashion
... A35: 09-JUL-FR | B35: Watch | C35: Casio | D35: 100 | E35: 20 | F35: Accessories

Sheet Sheet1
A1: 1) Sum, Count, Average:
A3: * total price of all product | D3: =SUM(Dataset!D2:D35) -> 10100
A4: *number of products | D4: =COUNTA(Dataset!B2:B35) -> 34
A5: * average price of products | D5: =AVERAGE(Dataset!D2:D35) -> 297.05882
A8: 2) Min and Max:
A10: *min price among all product | D10: =MIN(Dataset!D2:D35) -> 30
A11: *max price among all products | D11: =MAX(Dataset!D2:D35) -> 1000
A14: 3) IF Function:
B16: Product Name | C16: Brand Name | D16: Price ($) | E16: price range to catogarize product
B17: Laptop | C17: Dell | D17: 1000 | E17: =IF(D17>500,"High Price","standard price") -> High Price
B18: Sneakers | C18: Nike | D18: 80 | E18: =IF(D18>500,"High Price","standard price") -> standard price
B19: Coffee Maker | C19: Keurig | D19: 130 | E19: =IF(D19>500,"High Price","standard price") -> standard price
B20: Smartphone | C20: Samsung | D20: 900 | E20: =IF(D20>500,"High Price","standard price") -> High Price
B21: Backpack | C21: North Face | D21: 70 | E21: =IF(D21>500,"High Price","standard price") -> standard price
B22: Headphones | C22: Sony | D22: 200 | E22: =IF(D22>500,"High Price","standard price") -> standard price
B23: T-shirt | C23: Adidas | D23: 30 | E23: =IF(D23>500,"High Price","standard price") -> standard price
B24: Blender | C24: Ninja | D24: 90 | E24: =IF(D24>500,"High Price","standard price") -> standard price
B25: Tablet | C25: Apple | D25: 500 | E25: =IF(D25>500,"High Price","standard price") -> standard price
B26: Hiking Boots | C26: Timberland | D26: 130 | E26: =IF(D26>500,"High Price","standard price") -> standard price
B27: Laptop | C27: HP | D27: 950 | E27: =IF(D27>500,"High Price","standard price") -> High Price
B28: Sneakers | C28: Adidas | D28: 90 | E28: =IF(D28>500,"High Price","standard price") -> standard price
... B50: Watch | C50: Casio | D50: 100 | E50: =IF(D50>500,"High Price","standard price") -> standard price
A54: 4) SUMIF and COUNTIF:
A56: *Total price for products in electronics category | C56: =SUMIF(Dataset!F2:F35,Dataset!F2,Dataset!D2:D35) -> 8050
A57: * count of products with a price less then 500 | C57: =COUNTIF(D17:D50,"<500") -> 26
A60: 5) Text Formatting - LEFT, RIGHT, MID:
A62: Product ID | B62: Product Name | C62: Brand Name | D62: Price ($) | E62: Quantity | F62: Category | G62: Day with first 2 character | I62: Country code | J62: Month
A63: 28-JAN-US | B63: Laptop | C63: Dell | D63: 1000 | E63: 30 | F63: Electronics | G63: =LEFT(A63,2) -> 28 | I63: =RIGHT(A63,2) -> US | J63: =MID(A63,4,3) -> JAN
A64: 15-FEB-US | B64: Sneakers | C64: Nike | D64: 80 | E64: 15 | F64: Fashion | G64: =LEFT(A64,2) -> 15 | I64: =RIGHT(A64,2) -> US | J64: =MID(A64,4,3) -> FEB
A65: 03-MAR-US | B65: Coffee Maker | C65: Keurig | D65: 130 | E65: 40 | F65: Kitchen | G65: =LEFT(A65,2) -> 03 | I65: =RIGHT(A65,2) -> US | J65: =MID(A65,4,3) -> MAR
A66: 11-APR-US | B66: Smartphone | C66: Samsung | D66: 900 | E66: 25 | F66: Electronics | G66: =LEFT(A66,2) -> 11 | I66: =RIGHT(A66,2) -> US | J66: =MID(A66,4,3) -> APR
A67: 22-MAY-US | B67: Backpack | C67: North Face | D67: 70 | E67: 20 | F67: Outdoor | G67: =LEFT(A67,2) -> 22 | I67: =RIGHT(A67,2) -> US | J67: =MID(A67,4,3) -> MAY
A68: 07-JUN-UK | B68: Headphones | C68: Sony | D68: 200 | E68: 45 | F68: Electronics | G68: =LEFT(A68,2) -> 07 | I68: =RIGHT(A68,2) -> UK | J68: =MID(A68,4,3) -> JUN
A69: 19-JUL-UK | B69: T-shirt | C69: Adidas | D69: 30 | E69: 5 | F69: Fashion | G69: =LEFT(A69,2) -> 19 | I69: =RIGHT(A69,2) -> UK | J69: =MID(A69,4,3) -> JUL
A70: 23-AUG-UK | B70: Blender | C70: Ninja | D70: 90 | E70: 35 | F70: Kitchen | G70: =LEFT(A70,2) -> 23 | I70: =RIGHT(A70,2) -> UK | J70: =MID(A70,4,3) -> AUG
A71: 05-SEP-UK | B71: Tablet | C71: Apple | D71: 500 | E71: 50 | F71: Electronics | G71: =LEFT(A71,2) -> 05 | I71: =RIGHT(A71,2) -> UK | J71: =MID(A71,4,3) -> SEP
A72: 14-OCT-UK | B72: Hiking Boots | C72: Timberland | D72: 130 | E72: 10 | F72: Outdoor | G72: =LEFT(A72,2) -> 14 | I72: =RIGHT(A72,2) -> UK | J72: =MID(A72,4,3) -> OCT
A73: 17-JUN-IN | B73: Laptop | C73: HP | D73: 950 | E73: 25 | F73: Electronics | G73: =LEFT(A73,2) -> 17 | I73: =RIGHT(A73,2) -> IN | J73: =MID(A73,4,3) -> JUN
A74: 25-NOV-AU | B74: Sneakers | C74: Adidas | D74: 90 | E74: 40 | F74: Fashion | G74: =LEFT(A74,2) -> 25 | I74: =RIGHT(A74,2) -> AU | J74: =MID(A74,4,3) -> NOV
... A96: 09-JUL-FR | B96: Watch | C96: Casio | D96: 100 | E96: 20 | F96: Accessories | G96: =LEFT(A96,2) -> 09 | I96: =RIGHT(A96,2) -> FR | J96: =MID(A96,4,3) -> JUL
